
[{"model": "admin.logentry", "pk": 1, "fields": {"action_time": "2021-05-22T22:47:55.562Z", "user": 1, "content_type": 22, "object_id": "1", "object_repr": "elodie", "action_flag": 1, "change_message": "[{\"added\": {}}]"}}, {"model": "admin.logentry", "pk": 2, "fields": {"action_time": "2021-05-22T22:48:10.831Z", "user": 1, "content_type": 21, "object_id": "1", "object_repr": "rlijkhvghf", "action_flag": 1, "change_message": "[{\"added\": {}}]"}}, {"model": "admin.logentry", "pk": 3, "fields": {"action_time": "2021-05-22T23:07:26.911Z", "user": 1, "content_type": 21, "object_id": "1", "object_repr": "rlijkhvghf", "action_flag": 3, "change_message": ""}}, {"model": "admin.logentry", "pk": 4, "fields": {"action_time": "2021-05-22T23:22:38.690Z", "user": 1, "content_type": 22, "object_id": "1", "object_repr": "elodie", "action_flag": 3, "change_message": ""}}, {"model": "admin.logentry", "pk": 5, "fields": {"action_time": "2021-05-22T23:27:32.693Z", "user": 1, "content_type": 8, "object_id": "1", "object_repr": "About Us", "action_flag": 1, "change_message": "[{\"added\": {}}]"}}, {"model": "admin.logentry", "pk": 6, "fields": {"action_time": "2021-05-22T23:40:23.128Z", "user": 1, "content_type": 23, "object_id": "1", "object_repr": "John Doe", "action_flag": 1, "change_message": "[{\"added\": {}}]"}}, {"model": "admin.logentry", "pk": 7, "fields": {"action_time": "2021-05-22T23:41:18.274Z", "user": 1, "content_type": 23, "object_id": "2", "object_repr": "Jane Doe", "action_flag": 1, "change_message": "[{\"added\": {}}]"}}, {"model": "admin.logentry", "pk": 8, "fields": {"action_time": "2021-05-22T23:41:56.311Z", "user": 1, "content_type": 23, "object_id": "3", "object_repr": "Sam", "action_flag": 1, "change_message": "[{\"added\": {}}]"}}, {"model": "admin.logentry", "pk": 9, "fields": {"action_time": "2021-05-22T23:43:00.794Z", "user": 1, "content_type": 23, "object_id": "4", "object_repr": "AREB", "action_flag": 1, "change_message": "[{\"added\": {}}]"}}, {"model": "admin.logentry", "pk": 10, "fields": {"action_time": "2021-05-22T23:57:57.503Z", "user": 1, "content_type": 14, "object_id": "1", "object_repr": "buildings", "action_flag": 1, "change_message": "[{\"added\": {}}]"}}, {"model": "admin.logentry", "pk": 11, "fields": {"action_time": "2021-05-22T23:58:11.381Z", "user": 1, "content_type": 14, "object_id": "1", "object_repr": "buildings", "action_flag": 2, "change_message": "[{\"changed\": {\"fields\": [\"Status\"]}}]"}}, {"model": "admin.logentry", "pk": 12, "fields": {"action_time": "2021-05-22T23:58:51.714Z", "user": 1, "content_type": 14, "object_id": "2", "object_repr": "success", "action_flag": 1, "change_message": "[{\"added\": {}}]"}}, {"model": "admin.logentry", "pk": 13, "fields": {"action_time": "2021-05-22T23:59:17.982Z", "user": 1, "content_type": 14, "object_id": "3", "object_repr": "circle", "action_flag": 1, "change_message": "[{\"added\": {}}]"}}, {"model": "admin.logentry", "pk": 14, "fields": {"action_time": "2021-05-22T23:59:25.655Z", "user": 1, "content_type": 14, "object_id": "2", "object_repr": "success", "action_flag": 2, "change_message": "[{\"changed\": {\"fields\": [\"Status\"]}}]"}}, {"model": "admin.logentry", "pk": 15, "fields": {"action_time": "2021-05-23T00:00:03.139Z", "user": 1, "content_type": 14, "object_id": "4", "object_repr": "flor", "action_flag": 1, "change_message": "[{\"added\": {}}]"}}, {"model": "admin.logentry", "pk": 16, "fields": {"action_time": "2021-05-23T00:13:11.326Z", "user": 1, "content_type": 13, "object_id": "1", "object_repr": "Why you choose us?", "action_flag": 1, "change_message": "[{\"added\": {}}]"}}, {"model": "admin.logentry", "pk": 17, "fields": {"action_time": "2021-05-23T00:22:10.294Z", "user": 1, "content_type": 12, "object_id": "1", "object_repr": "Our Vision", "action_flag": 1, "change_message": "[{\"added\": {}}]"}}, {"model": "admin.logentry", "pk": 18, "fields": {"action_time": "2021-05-23T00:23:15.314Z", "user": 1, "content_type": 12, "object_id": "2", "object_repr": "Our Mission", "action_flag": 1, "change_message": "[{\"added\": {}}]"}}, {"model": "admin.logentry", "pk": 19, "fields": {"action_time": "2021-05-23T00:24:05.154Z", "user": 1, "content_type": 12, "object_id": "3", "object_repr": "Our Goal", "action_flag": 1, "change_message": "[{\"added\": {}}]"}}, {"model": "admin.logentry", "pk": 20, "fields": {"action_time": "2021-05-23T00:38:13.812Z", "user": 1, "content_type": 20, "object_id": "1", "object_repr": "linkedin", "action_flag": 1, "change_message": "[{\"added\": {}}]"}}, {"model": "admin.logentry", "pk": 21, "fields": {"action_time": "2021-05-23T00:38:58.330Z", "user": 1, "content_type": 20, "object_id": "2", "object_repr": "whatsapp", "action_flag": 1, "change_message": "[{\"added\": {}}]"}}, {"model": "admin.logentry", "pk": 22, "fields": {"action_time": "2021-05-23T00:39:58.455Z", "user": 1, "content_type": 20, "object_id": "3", "object_repr": "flickr", "action_flag": 1, "change_message": "[{\"added\": {}}]"}}, {"model": "admin.logentry", "pk": 23, "fields": {"action_time": "2021-05-23T00:40:46.973Z", "user": 1, "content_type": 20, "object_id": "4", "object_repr": "medium", "action_flag": 1, "change_message": "[{\"added\": {}}]"}}, {"model": "admin.logentry", "pk": 24, "fields": {"action_time": "2021-05-23T00:40:58.216Z", "user": 1, "content_type": 20, "object_id": "3", "object_repr": "flickr", "action_flag": 2, "change_message": "[{\"changed\": {\"fields\": [\"Status\"]}}]"}}, {"model": "admin.logentry", "pk": 25, "fields": {"action_time": "2021-05-23T00:45:31.954Z", "user": 1, "content_type": 20, "object_id": "5", "object_repr": "facebook", "action_flag": 1, "change_message": "[{\"added\": {}}]"}}, {"model": "admin.logentry", "pk": 26, "fields": {"action_time": "2021-05-23T00:45:43.314Z", "user": 1, "content_type": 20, "object_id": "5", "object_repr": "facebook", "action_flag": 2, "change_message": "[{\"changed\": {\"fields\": [\"Status\"]}}]"}}, {"model": "admin.logentry", "pk": 27, "fields": {"action_time": "2021-05-23T00:50:16.562Z", "user": 1, "content_type": 10, "object_id": "1", "object_repr": "Contact", "action_flag": 1, "change_message": "[{\"added\": {}}]"}}, {"model": "admin.logentry", "pk": 28, "fields": {"action_time": "2021-05-23T00:56:51.951Z", "user": 1, "content_type": 19, "object_id": "1", "object_repr": "Create success campaign with us!", "action_flag": 1, "change_message": "[{\"added\": {}}]"}}, {"model": "admin.logentry", "pk": 29, "fields": {"action_time": "2021-05-23T01:03:40.243Z", "user": 1, "content_type": 18, "object_id": "1", "object_repr": "Mr. John Doe", "action_flag": 1, "change_message": "[{\"added\": {}}]"}}, {"model": "admin.logentry", "pk": 30, "fields": {"action_time": "2021-05-23T01:04:54.911Z", "user": 1, "content_type": 18, "object_id": "2", "object_repr": "Mr. John Stiles", "action_flag": 1, "change_message": "[{\"added\": {}}]"}}, {"model": "admin.logentry", "pk": 31, "fields": {"action_time": "2021-05-23T01:05:59.322Z", "user": 1, "content_type": 18, "object_id": "3", "object_repr": "Azeez Ridwan", "action_flag": 1, "change_message": "[{\"added\": {}}]"}}, {"model": "admin.logentry", "pk": 32, "fields": {"action_time": "2021-05-23T01:20:59.120Z", "user": 1, "content_type": 15, "object_id": "1", "object_repr": "Services", "action_flag": 1, "change_message": "[{\"added\": {}}]"}}, {"model": "admin.logentry", "pk": 33, "fields": {"action_time": "2021-05-23T13:59:40.932Z", "user": 1, "content_type": 27, "object_id": "1", "object_repr": "Website object (1)", "action_flag": 1, "change_message": "[{\"added\": {}}]"}}, {"model": "admin.logentry", "pk": 34, "fields": {"action_time": "2021-05-23T14:17:26.611Z", "user": 1, "content_type": 24, "object_id": "1", "object_repr": "fleur", "action_flag": 1, "change_message": "[{\"added\": {}}]"}}, {"model": "admin.logentry", "pk": 35, "fields": {"action_time": "2021-05-23T14:19:02.718Z", "user": 1, "content_type": 24, "object_id": "2", "object_repr": "work", "action_flag": 1, "change_message": "[{\"added\": {}}]"}}, {"model": "admin.logentry", "pk": 36, "fields": {"action_time": "2021-05-23T14:19:19.172Z", "user": 1, "content_type": 24, "object_id": "3", "object_repr": "branche", "action_flag": 1, "change_message": "[{\"added\": {}}]"}}, {"model": "admin.logentry", "pk": 37, "fields": {"action_time": "2021-05-23T14:19:26.178Z", "user": 1, "content_type": 24, "object_id": "2", "object_repr": "work", "action_flag": 2, "change_message": "[{\"changed\": {\"fields\": [\"Status\"]}}]"}}, {"model": "admin.logentry", "pk": 38, "fields": {"action_time": "2021-05-23T14:19:52.191Z", "user": 1, "content_type": 24, "object_id": "4", "object_repr": "feuille", "action_flag": 1, "change_message": "[{\"added\": {}}]"}}, {"model": "admin.logentry", "pk": 39, "fields": {"action_time": "2021-05-23T14:43:11.634Z", "user": 1, "content_type": 25, "object_id": "1", "object_repr": "Business", "action_flag": 1, "change_message": "[{\"added\": {}}]"}}, {"model": "admin.logentry", "pk": 40, "fields": {"action_time": "2021-05-23T14:43:29.882Z", "user": 1, "content_type": 25, "object_id": "2", "object_repr": "Marketing", "action_flag": 1, "change_message": "[{\"added\": {}}]"}}, {"model": "admin.logentry", "pk": 41, "fields": {"action_time": "2021-05-23T14:44:22.552Z", "user": 1, "content_type": 25, "object_id": "3", "object_repr": "Social Media", "action_flag": 1, "change_message": "[{\"added\": {}}]"}}, {"model": "admin.logentry", "pk": 42, "fields": {"action_time": "2021-05-23T14:44:48.598Z", "user": 1, "content_type": 25, "object_id": "4", "object_repr": "Graphic", "action_flag": 1, "change_message": "[{\"added\": {}}]"}}, {"model": "admin.logentry", "pk": 43, "fields": {"action_time": "2021-05-23T14:52:03.861Z", "user": 1, "content_type": 26, "object_id": "1", "object_repr": "Digital Marketing", "action_flag": 1, "change_message": "[{\"added\": {}}]"}}, {"model": "admin.logentry", "pk": 44, "fields": {"action_time": "2021-05-23T14:53:34.003Z", "user": 1, "content_type": 26, "object_id": "2", "object_repr": "Corporate Branding", "action_flag": 1, "change_message": "[{\"added\": {}}]"}}, {"model": "admin.logentry", "pk": 45, "fields": {"action_time": "2021-05-23T14:54:34.905Z", "user": 1, "content_type": 26, "object_id": "3", "object_repr": "eading Digital Solution", "action_flag": 1, "change_message": "[{\"added\": {}}]"}}, {"model": "admin.logentry", "pk": 46, "fields": {"action_time": "2021-05-23T14:55:35.496Z", "user": 1, "content_type": 26, "object_id": "4", "object_repr": "Smart Applications", "action_flag": 1, "change_message": "[{\"added\": {}}]"}}, {"model": "admin.logentry", "pk": 47, "fields": {"action_time": "2021-05-23T14:56:52.571Z", "user": 1, "content_type": 26, "object_id": "5", "object_repr": "Corporate Stationary", "action_flag": 1, "change_message": "[{\"added\": {}}]"}}, {"model": "admin.logentry", "pk": 48, "fields": {"action_time": "2021-05-23T14:57:43.122Z", "user": 1, "content_type": 26, "object_id": "6", "object_repr": "8 Financial Tips", "action_flag": 1, "change_message": "[{\"added\": {}}]"}}, {"model": "admin.logentry", "pk": 49, "fields": {"action_time": "2021-05-23T15:51:02.327Z", "user": 1, "content_type": 11, "object_id": "1", "object_repr": "Our Work", "action_flag": 1, "change_message": "[{\"added\": {}}]"}}, {"model": "admin.logentry", "pk": 50, "fields": {"action_time": "2021-05-23T20:40:35.473Z", "user": 1, "content_type": 29, "object_id": "1", "object_repr": "Standard Plan", "action_flag": 1, "change_message": "[{\"added\": {}}]"}}, {"model": "admin.logentry", "pk": 51, "fields": {"action_time": "2021-05-23T20:40:55.033Z", "user": 1, "content_type": 29, "object_id": "2", "object_repr": "Free Plan", "action_flag": 1, "change_message": "[{\"added\": {}}]"}}, {"model": "admin.logentry", "pk": 52, "fields": {"action_time": "2021-05-23T20:41:13.521Z", "user": 1, "content_type": 29, "object_id": "3", "object_repr": "Enterprise", "action_flag": 1, "change_message": "[{\"added\": {}}]"}}, {"model": "admin.logentry", "pk": 53, "fields": {"action_time": "2021-05-23T20:41:23.432Z", "user": 1, "content_type": 29, "object_id": "2", "object_repr": "Free Plan", "action_flag": 2, "change_message": "[]"}}, {"model": "admin.logentry", "pk": 54, "fields": {"action_time": "2021-05-23T20:43:29.697Z", "user": 1, "content_type": 28, "object_id": "1", "object_repr": "5 Users", "action_flag": 1, "change_message": "[{\"added\": {}}]"}}, {"model": "admin.logentry", "pk": 55, "fields": {"action_time": "2021-05-23T20:43:51.552Z", "user": 1, "content_type": 28, "object_id": "2", "object_repr": "2 TB space", "action_flag": 1, "change_message": "[{\"added\": {}}]"}}, {"model": "admin.logentry", "pk": 56, "fields": {"action_time": "2021-05-23T20:44:05.542Z", "user": 1, "content_type": 28, "object_id": "3", "object_repr": "Community Forums", "action_flag": 1, "change_message": "[{\"added\": {}}]"}}, {"model": "admin.logentry", "pk": 57, "fields": {"action_time": "2021-05-23T20:44:21.049Z", "user": 1, "content_type": 28, "object_id": "4", "object_repr": "Email Support", "action_flag": 1, "change_message": "[{\"added\": {}}]"}}, {"model": "admin.logentry", "pk": 58, "fields": {"action_time": "2021-05-23T20:44:40.611Z", "user": 1, "content_type": 28, "object_id": "5", "object_repr": "25 to 99 Users", "action_flag": 1, "change_message": "[{\"added\": {}}]"}}, {"model": "admin.logentry", "pk": 59, "fields": {"action_time": "2021-05-23T20:45:06.632Z", "user": 1, "content_type": 28, "object_id": "6", "object_repr": "10 TB space", "action_flag": 1, "change_message": "[{\"added\": {}}]"}}, {"model": "admin.logentry", "pk": 60, "fields": {"action_time": "2021-05-23T20:45:22.160Z", "user": 1, "content_type": 28, "object_id": "7", "object_repr": "Source Files", "action_flag": 1, "change_message": "[{\"added\": {}}]"}}, {"model": "admin.logentry", "pk": 61, "fields": {"action_time": "2021-05-23T20:46:01.342Z", "user": 1, "content_type": 28, "object_id": "8", "object_repr": "Live Chat", "action_flag": 1, "change_message": "[{\"added\": {}}]"}}, {"model": "admin.logentry", "pk": 62, "fields": {"action_time": "2021-05-23T20:46:55.911Z", "user": 1, "content_type": 28, "object_id": "9", "object_repr": "100 users or more", "action_flag": 1, "change_message": "[{\"added\": {}}]"}}, {"model": "admin.logentry", "pk": 63, "fields": {"action_time": "2021-05-23T20:47:14.538Z", "user": 1, "content_type": 28, "object_id": "10", "object_repr": "80 TB space", "action_flag": 1, "change_message": "[{\"added\": {}}]"}}, {"model": "admin.logentry", "pk": 64, "fields": {"action_time": "2021-05-23T20:47:29.122Z", "user": 1, "content_type": 28, "object_id": "11", "object_repr": "Full Access Sources", "action_flag": 1, "change_message": "[{\"added\": {}}]"}}, {"model": "admin.logentry", "pk": 65, "fields": {"action_time": "2021-05-23T20:47:51.535Z", "user": 1, "content_type": 28, "object_id": "12", "object_repr": "Live Chat", "action_flag": 1, "change_message": "[{\"added\": {}}]"}}, {"model": "admin.logentry", "pk": 66, "fields": {"action_time": "2021-05-23T20:48:20.719Z", "user": 1, "content_type": 28, "object_id": "13", "object_repr": "Customizations", "action_flag": 1, "change_message": "[{\"added\": {}}]"}}, {"model": "admin.logentry", "pk": 67, "fields": {"action_time": "2021-05-24T09:42:03.700Z", "user": 1, "content_type": 29, "object_id": "3", "object_repr": "Enterprise", "action_flag": 2, "change_message": "[]"}}, {"model": "admin.logentry", "pk": 68, "fields": {"action_time": "2021-05-24T09:42:43.548Z", "user": 1, "content_type": 29, "object_id": "3", "object_repr": "Enterprise", "action_flag": 2, "change_message": "[{\"changed\": {\"fields\": [\"Price\"]}}]"}}, {"model": "admin.logentry", "pk": 69, "fields": {"action_time": "2021-05-24T15:52:55.905Z", "user": 1, "content_type": 29, "object_id": "3", "object_repr": "Enterprise", "action_flag": 2, "change_message": "[]"}}, {"model": "admin.logentry", "pk": 70, "fields": {"action_time": "2021-05-24T15:54:35.335Z", "user": 1, "content_type": 28, "object_id": "13", "object_repr": "Customizations", "action_flag": 2, "change_message": "[{\"changed\": {\"fields\": [\"Pack\"]}}]"}}, {"model": "admin.logentry", "pk": 71, "fields": {"action_time": "2021-05-24T16:58:56.817Z", "user": 1, "content_type": 9, "object_id": "1", "object_repr": "Develop <strong>Strategies</strong> for <br>your business", "action_flag": 1, "change_message": "[{\"added\": {}}]"}}, {"model": "admin.logentry", "pk": 72, "fields": {"action_time": "2021-05-24T16:59:38.244Z", "user": 1, "content_type": 9, "object_id": "2", "object_repr": "HTML CSS Template with Bootstrap 5 Beta 1", "action_flag": 1, "change_message": "[{\"added\": {}}]"}}, {"model": "admin.logentry", "pk": 73, "fields": {"action_time": "2021-05-24T17:00:28.750Z", "user": 1, "content_type": 9, "object_id": "3", "object_repr": "Cupidatat non proident, sunt in culpa qui officia", "action_flag": 1, "change_message": "[{\"added\": {}}]"}}, {"model": "admin.logentry", "pk": 74, "fields": {"action_time": "2021-05-24T17:12:59.301Z", "user": 1, "content_type": 15, "object_id": "1", "object_repr": "Services", "action_flag": 2, "change_message": "[]"}}, {"model": "admin.logentry", "pk": 75, "fields": {"action_time": "2021-05-24T17:22:12.382Z", "user": 1, "content_type": 22, "object_id": "2", "object_repr": "Graphic", "action_flag": 1, "change_message": "[{\"added\": {}}]"}}, {"model": "admin.logentry", "pk": 76, "fields": {"action_time": "2021-05-24T17:22:38.266Z", "user": 1, "content_type": 22, "object_id": "3", "object_repr": "ui/ux", "action_flag": 1, "change_message": "[{\"added\": {}}]"}}, {"model": "admin.logentry", "pk": 77, "fields": {"action_time": "2021-05-24T21:59:49.604Z", "user": 1, "content_type": 22, "object_id": "2", "object_repr": "graphic", "action_flag": 2, "change_message": "[{\"changed\": {\"fields\": [\"Name\"]}}]"}}, {"model": "admin.logentry", "pk": 78, "fields": {"action_time": "2021-05-24T22:01:00.113Z", "user": 1, "content_type": 22, "object_id": "4", "object_repr": "branding", "action_flag": 1, "change_message": "[{\"added\": {}}]"}}, {"model": "admin.logentry", "pk": 79, "fields": {"action_time": "2021-05-24T23:10:43.335Z", "user": 1, "content_type": 21, "object_id": "2", "object_repr": "Lorem ipsum dolor sit amet, consectetur adipisicing", "action_flag": 1, "change_message": "[{\"added\": {}}]"}}, {"model": "admin.logentry", "pk": 80, "fields": {"action_time": "2021-05-24T23:11:02.512Z", "user": 1, "content_type": 21, "object_id": "3", "object_repr": "Lorem ipsum dolor sit amet, consectetur adipisicing", "action_flag": 1, "change_message": "[{\"added\": {}}]"}}, {"model": "admin.logentry", "pk": 81, "fields": {"action_time": "2021-05-24T23:12:24.306Z", "user": 1, "content_type": 21, "object_id": "4", "object_repr": "Lorem ipsum dolor sit amet, consectetur adipisicing", "action_flag": 1, "change_message": "[{\"added\": {}}]"}}, {"model": "admin.logentry", "pk": 82, "fields": {"action_time": "2021-05-24T23:13:27.454Z", "user": 1, "content_type": 21, "object_id": "5", "object_repr": "Lorem ipsum dolor sit amet, consectetur adipisicing", "action_flag": 1, "change_message": "[{\"added\": {}}]"}}, {"model": "admin.logentry", "pk": 83, "fields": {"action_time": "2021-05-24T23:13:46.212Z", "user": 1, "content_type": 21, "object_id": "6", "object_repr": "Lorem ipsum dolor sit amet, consectetur adipisicing", "action_flag": 1, "change_message": "[{\"added\": {}}]"}}, {"model": "admin.logentry", "pk": 84, "fields": {"action_time": "2021-05-24T23:14:17.114Z", "user": 1, "content_type": 21, "object_id": "7", "object_repr": "Lorem ipsum dolor sit amet, consectetur adipisicing", "action_flag": 1, "change_message": "[{\"added\": {}}]"}}, {"model": "admin.logentry", "pk": 85, "fields": {"action_time": "2021-05-24T23:15:23.385Z", "user": 1, "content_type": 21, "object_id": "8", "object_repr": "Lorem ipsum dolor sit amet, consectetur adipisicing", "action_flag": 1, "change_message": "[{\"added\": {}}]"}}, {"model": "admin.logentry", "pk": 86, "fields": {"action_time": "2021-05-24T23:15:47.969Z", "user": 1, "content_type": 21, "object_id": "9", "object_repr": "Lorem ipsum dolor sit amet, consectetur adipisicing", "action_flag": 1, "change_message": "[{\"added\": {}}]"}}, {"model": "auth.permission", "pk": 1, "fields": {"name": "Can add log entry", "content_type": 1, "codename": "add_logentry"}}, {"model": "auth.permission", "pk": 2, "fields": {"name": "Can change log entry", "content_type": 1, "codename": "change_logentry"}}, {"model": "auth.permission", "pk": 3, "fields": {"name": "Can delete log entry", "content_type": 1, "codename": "delete_logentry"}}, {"model": "auth.permission", "pk": 4, "fields": {"name": "Can view log entry", "content_type": 1, "codename": "view_logentry"}}, {"model": "auth.permission", "pk": 5, "fields": {"name": "Can add permission", "content_type": 2, "codename": "add_permission"}}, {"model": "auth.permission", "pk": 6, "fields": {"name": "Can change permission", "content_type": 2, "codename": "change_permission"}}, {"model": "auth.permission", "pk": 7, "fields": {"name": "Can delete permission", "content_type": 2, "codename": "delete_permission"}}, {"model": "auth.permission", "pk": 8, "fields": {"name": "Can view permission", "content_type": 2, "codename": "view_permission"}}, {"model": "auth.permission", "pk": 9, "fields": {"name": "Can add group", "content_type": 3, "codename": "add_group"}}, {"model": "auth.permission", "pk": 10, "fields": {"name": "Can change group", "content_type": 3, "codename": "change_group"}}, {"model": "auth.permission", "pk": 11, "fields": {"name": "Can delete group", "content_type": 3, "codename": "delete_group"}}, {"model": "auth.permission", "pk": 12, "fields": {"name": "Can view group", "content_type": 3, "codename": "view_group"}}, {"model": "auth.permission", "pk": 13, "fields": {"name": "Can add user", "content_type": 4, "codename": "add_user"}}, {"model": "auth.permission", "pk": 14, "fields": {"name": "Can change user", "content_type": 4, "codename": "change_user"}}, {"model": "auth.permission", "pk": 15, "fields": {"name": "Can delete user", "content_type": 4, "codename": "delete_user"}}, {"model": "auth.permission", "pk": 16, "fields": {"name": "Can view user", "content_type": 4, "codename": "view_user"}}, {"model": "auth.permission", "pk": 17, "fields": {"name": "Can add content type", "content_type": 5, "codename": "add_contenttype"}}, {"model": "auth.permission", "pk": 18, "fields": {"name": "Can change content type", "content_type": 5, "codename": "change_contenttype"}}, {"model": "auth.permission", "pk": 19, "fields": {"name": "Can delete content type", "content_type": 5, "codename": "delete_contenttype"}}, {"model": "auth.permission", "pk": 20, "fields": {"name": "Can view content type", "content_type": 5, "codename": "view_contenttype"}}, {"model": "auth.permission", "pk": 21, "fields": {"name": "Can add session", "content_type": 6, "codename": "add_session"}}, {"model": "auth.permission", "pk": 22, "fields": {"name": "Can change session", "content_type": 6, "codename": "change_session"}}, {"model": "auth.permission", "pk": 23, "fields": {"name": "Can delete session", "content_type": 6, "codename": "delete_session"}}, {"model": "auth.permission", "pk": 24, "fields": {"name": "Can view session", "content_type": 6, "codename": "view_session"}}, {"model": "auth.permission", "pk": 25, "fields": {"name": "Can add Banner", "content_type": 7, "codename": "add_banner"}}, {"model": "auth.permission", "pk": 26, "fields": {"name": "Can change Banner", "content_type": 7, "codename": "change_banner"}}, {"model": "auth.permission", "pk": 27, "fields": {"name": "Can delete Banner", "content_type": 7, "codename": "delete_banner"}}, {"model": "auth.permission", "pk": 28, "fields": {"name": "Can view Banner", "content_type": 7, "codename": "view_banner"}}, {"model": "auth.permission", "pk": 29, "fields": {"name": "Can add BannerAbout", "content_type": 8, "codename": "add_bannerabout"}}, {"model": "auth.permission", "pk": 30, "fields": {"name": "Can change BannerAbout", "content_type": 8, "codename": "change_bannerabout"}}, {"model": "auth.permission", "pk": 31, "fields": {"name": "Can delete BannerAbout", "content_type": 8, "codename": "delete_bannerabout"}}, {"model": "auth.permission", "pk": 32, "fields": {"name": "Can view BannerAbout", "content_type": 8, "codename": "view_bannerabout"}}, {"model": "auth.permission", "pk": 33, "fields": {"name": "Can add Slider", "content_type": 9, "codename": "add_slider"}}, {"model": "auth.permission", "pk": 34, "fields": {"name": "Can change Slider", "content_type": 9, "codename": "change_slider"}}, {"model": "auth.permission", "pk": 35, "fields": {"name": "Can delete Slider", "content_type": 9, "codename": "delete_slider"}}, {"model": "auth.permission", "pk": 36, "fields": {"name": "Can view Slider", "content_type": 9, "codename": "view_slider"}}, {"model": "auth.permission", "pk": 37, "fields": {"name": "Can add BannerContact", "content_type": 10, "codename": "add_bannercontact"}}, {"model": "auth.permission", "pk": 38, "fields": {"name": "Can change BannerContact", "content_type": 10, "codename": "change_bannercontact"}}, {"model": "auth.permission", "pk": 39, "fields": {"name": "Can delete BannerContact", "content_type": 10, "codename": "delete_bannercontact"}}, {"model": "auth.permission", "pk": 40, "fields": {"name": "Can view BannerContact", "content_type": 10, "codename": "view_bannercontact"}}, {"model": "auth.permission", "pk": 41, "fields": {"name": "Can add BannerWork", "content_type": 11, "codename": "add_bannerwork"}}, {"model": "auth.permission", "pk": 42, "fields": {"name": "Can change BannerWork", "content_type": 11, "codename": "change_bannerwork"}}, {"model": "auth.permission", "pk": 43, "fields": {"name": "Can delete BannerWork", "content_type": 11, "codename": "delete_bannerwork"}}, {"model": "auth.permission", "pk": 44, "fields": {"name": "Can view BannerWork", "content_type": 11, "codename": "view_bannerwork"}}, {"model": "auth.permission", "pk": 45, "fields": {"name": "Can add But", "content_type": 12, "codename": "add_but"}}, {"model": "auth.permission", "pk": 46, "fields": {"name": "Can change But", "content_type": 12, "codename": "change_but"}}, {"model": "auth.permission", "pk": 47, "fields": {"name": "Can delete But", "content_type": 12, "codename": "delete_but"}}, {"model": "auth.permission", "pk": 48, "fields": {"name": "Can view But", "content_type": 12, "codename": "view_but"}}, {"model": "auth.permission", "pk": 49, "fields": {"name": "Can add Choose", "content_type": 13, "codename": "add_choose"}}, {"model": "auth.permission", "pk": 50, "fields": {"name": "Can change Choose", "content_type": 13, "codename": "change_choose"}}, {"model": "auth.permission", "pk": 51, "fields": {"name": "Can delete Choose", "content_type": 13, "codename": "delete_choose"}}, {"model": "auth.permission", "pk": 52, "fields": {"name": "Can view Choose", "content_type": 13, "codename": "view_choose"}}, {"model": "auth.permission", "pk": 53, "fields": {"name": "Can add Partner", "content_type": 14, "codename": "add_partner"}}, {"model": "auth.permission", "pk": 54, "fields": {"name": "Can change Partner", "content_type": 14, "codename": "change_partner"}}, {"model": "auth.permission", "pk": 55, "fields": {"name": "Can delete Partner", "content_type": 14, "codename": "delete_partner"}}, {"model": "auth.permission", "pk": 56, "fields": {"name": "Can view Partner", "content_type": 14, "codename": "view_partner"}}, {"model": "auth.permission", "pk": 57, "fields": {"name": "Can add Service", "content_type": 15, "codename": "add_service"}}, {"model": "auth.permission", "pk": 58, "fields": {"name": "Can change Service", "content_type": 15, "codename": "change_service"}}, {"model": "auth.permission", "pk": 59, "fields": {"name": "Can delete Service", "content_type": 15, "codename": "delete_service"}}, {"model": "auth.permission", "pk": 60, "fields": {"name": "Can view Service", "content_type": 15, "codename": "view_service"}}, {"model": "auth.permission", "pk": 61, "fields": {"name": "Can add Contact", "content_type": 16, "codename": "add_contact"}}, {"model": "auth.permission", "pk": 62, "fields": {"name": "Can change Contact", "content_type": 16, "codename": "change_contact"}}, {"model": "auth.permission", "pk": 63, "fields": {"name": "Can delete Contact", "content_type": 16, "codename": "delete_contact"}}, {"model": "auth.permission", "pk": 64, "fields": {"name": "Can view Contact", "content_type": 16, "codename": "view_contact"}}, {"model": "auth.permission", "pk": 65, "fields": {"name": "Can add Newsletter", "content_type": 17, "codename": "add_newsletter"}}, {"model": "auth.permission", "pk": 66, "fields": {"name": "Can change Newsletter", "content_type": 17, "codename": "change_newsletter"}}, {"model": "auth.permission", "pk": 67, "fields": {"name": "Can delete Newsletter", "content_type": 17, "codename": "delete_newsletter"}}, {"model": "auth.permission", "pk": 68, "fields": {"name": "Can view Newsletter", "content_type": 17, "codename": "view_newsletter"}}, {"model": "auth.permission", "pk": 69, "fields": {"name": "Can add Assitance", "content_type": 18, "codename": "add_assitance"}}, {"model": "auth.permission", "pk": 70, "fields": {"name": "Can change Assitance", "content_type": 18, "codename": "change_assitance"}}, {"model": "auth.permission", "pk": 71, "fields": {"name": "Can delete Assitance", "content_type": 18, "codename": "delete_assitance"}}, {"model": "auth.permission", "pk": 72, "fields": {"name": "Can view Assitance", "content_type": 18, "codename": "view_assitance"}}, {"model": "auth.permission", "pk": 73, "fields": {"name": "Can add CreateSucce", "content_type": 19, "codename": "add_createsucce"}}, {"model": "auth.permission", "pk": 74, "fields": {"name": "Can change CreateSucce", "content_type": 19, "codename": "change_createsucce"}}, {"model": "auth.permission", "pk": 75, "fields": {"name": "Can delete CreateSucce", "content_type": 19, "codename": "delete_createsucce"}}, {"model": "auth.permission", "pk": 76, "fields": {"name": "Can view CreateSucce", "content_type": 19, "codename": "view_createsucce"}}, {"model": "auth.permission", "pk": 77, "fields": {"name": "Can add CreateSucce", "content_type": 20, "codename": "add_social"}}, {"model": "auth.permission", "pk": 78, "fields": {"name": "Can change CreateSucce", "content_type": 20, "codename": "change_social"}}, {"model": "auth.permission", "pk": 79, "fields": {"name": "Can delete CreateSucce", "content_type": 20, "codename": "delete_social"}}, {"model": "auth.permission", "pk": 80, "fields": {"name": "Can view CreateSucce", "content_type": 20, "codename": "view_social"}}, {"model": "auth.permission", "pk": 81, "fields": {"name": "Can add Card", "content_type": 21, "codename": "add_card"}}, {"model": "auth.permission", "pk": 82, "fields": {"name": "Can change Card", "content_type": 21, "codename": "change_card"}}, {"model": "auth.permission", "pk": 83, "fields": {"name": "Can delete Card", "content_type": 21, "codename": "delete_card"}}, {"model": "auth.permission", "pk": 84, "fields": {"name": "Can view Card", "content_type": 21, "codename": "view_card"}}, {"model": "auth.permission", "pk": 85, "fields": {"name": "Can add Categorie", "content_type": 22, "codename": "add_categorie"}}, {"model": "auth.permission", "pk": 86, "fields": {"name": "Can change Categorie", "content_type": 22, "codename": "change_categorie"}}, {"model": "auth.permission", "pk": 87, "fields": {"name": "Can delete Categorie", "content_type": 22, "codename": "delete_categorie"}}, {"model": "auth.permission", "pk": 88, "fields": {"name": "Can view Categorie", "content_type": 22, "codename": "view_categorie"}}, {"model": "auth.permission", "pk": 89, "fields": {"name": "Can add Transform", "content_type": 23, "codename": "add_team"}}, {"model": "auth.permission", "pk": 90, "fields": {"name": "Can change Transform", "content_type": 23, "codename": "change_team"}}, {"model": "auth.permission", "pk": 91, "fields": {"name": "Can delete Transform", "content_type": 23, "codename": "delete_team"}}, {"model": "auth.permission", "pk": 92, "fields": {"name": "Can view Transform", "content_type": 23, "codename": "view_team"}}, {"model": "auth.permission", "pk": 93, "fields": {"name": "Can add Transform", "content_type": 24, "codename": "add_transform"}}, {"model": "auth.permission", "pk": 94, "fields": {"name": "Can change Transform", "content_type": 24, "codename": "change_transform"}}, {"model": "auth.permission", "pk": 95, "fields": {"name": "Can delete Transform", "content_type": 24, "codename": "delete_transform"}}, {"model": "auth.permission", "pk": 96, "fields": {"name": "Can view Transform", "content_type": 24, "codename": "view_transform"}}, {"model": "auth.permission", "pk": 97, "fields": {"name": "Can add CategorieWork", "content_type": 25, "codename": "add_categoriework"}}, {"model": "auth.permission", "pk": 98, "fields": {"name": "Can change CategorieWork", "content_type": 25, "codename": "change_categoriework"}}, {"model": "auth.permission", "pk": 99, "fields": {"name": "Can delete CategorieWork", "content_type": 25, "codename": "delete_categoriework"}}, {"model": "auth.permission", "pk": 100, "fields": {"name": "Can view CategorieWork", "content_type": 25, "codename": "view_categoriework"}}, {"model": "auth.permission", "pk": 101, "fields": {"name": "Can add Card", "content_type": 26, "codename": "add_work"}}, {"model": "auth.permission", "pk": 102, "fields": {"name": "Can change Card", "content_type": 26, "codename": "change_work"}}, {"model": "auth.permission", "pk": 103, "fields": {"name": "Can delete Card", "content_type": 26, "codename": "delete_work"}}, {"model": "auth.permission", "pk": 104, "fields": {"name": "Can view Card", "content_type": 26, "codename": "view_work"}}, {"model": "auth.permission", "pk": 105, "fields": {"name": "Can add Website", "content_type": 27, "codename": "add_website"}}, {"model": "auth.permission", "pk": 106, "fields": {"name": "Can change Website", "content_type": 27, "codename": "change_website"}}, {"model": "auth.permission", "pk": 107, "fields": {"name": "Can delete Website", "content_type": 27, "codename": "delete_website"}}, {"model": "auth.permission", "pk": 108, "fields": {"name": "Can view Website", "content_type": 27, "codename": "view_website"}}, {"model": "auth.permission", "pk": 109, "fields": {"name": "Can add Advantage", "content_type": 28, "codename": "add_advantage"}}, {"model": "auth.permission", "pk": 110, "fields": {"name": "Can change Advantage", "content_type": 28, "codename": "change_advantage"}}, {"model": "auth.permission", "pk": 111, "fields": {"name": "Can delete Advantage", "content_type": 28, "codename": "delete_advantage"}}, {"model": "auth.permission", "pk": 112, "fields": {"name": "Can view Advantage", "content_type": 28, "codename": "view_advantage"}}, {"model": "auth.permission", "pk": 113, "fields": {"name": "Can add Pack", "content_type": 29, "codename": "add_pack"}}, {"model": "auth.permission", "pk": 114, "fields": {"name": "Can change Pack", "content_type": 29, "codename": "change_pack"}}, {"model": "auth.permission", "pk": 115, "fields": {"name": "Can delete Pack", "content_type": 29, "codename": "delete_pack"}}, {"model": "auth.permission", "pk": 116, "fields": {"name": "Can view Pack", "content_type": 29, "codename": "view_pack"}}, {"model": "auth.user", "pk": 1, "fields": {"password": "pbkdf2_sha256$260000$Rems7NXLpO9HvYliC3P7Ju$xnsh8w7rKvVhIw/cFi/3jH1N0MmxtO8MEJRAcfpXskg=", "last_login": "2021-05-23T18:54:39.723Z", "is_superuser": true, "username": "admin", "first_name": "", "last_name": "", "email": "azeridwan10@gmail.com", "is_staff": true, "is_active": true, "date_joined": "2021-05-21T21:07:51.569Z", "groups": [], "user_permissions": []}}, {"model": "contenttypes.contenttype", "pk": 1, "fields": {"app_label": "admin", "model": "logentry"}}, {"model": "contenttypes.contenttype", "pk": 2, "fields": {"app_label": "auth", "model": "permission"}}, {"model": "contenttypes.contenttype", "pk": 3, "fields": {"app_label": "auth", "model": "group"}}, {"model": "contenttypes.contenttype", "pk": 4, "fields": {"app_label": "auth", "model": "user"}}, {"model": "contenttypes.contenttype", "pk": 5, "fields": {"app_label": "contenttypes", "model": "contenttype"}}, {"model": "contenttypes.contenttype", "pk": 6, "fields": {"app_label": "sessions", "model": "session"}}, {"model": "contenttypes.contenttype", "pk": 7, "fields": {"app_label": "sitewebapp", "model": "banner"}}, {"model": "contenttypes.contenttype", "pk": 8, "fields": {"app_label": "sitewebapp", "model": "bannerabout"}}, {"model": "contenttypes.contenttype", "pk": 9, "fields": {"app_label": "sitewebapp", "model": "slider"}}, {"model": "contenttypes.contenttype", "pk": 10, "fields": {"app_label": "sitewebapp", "model": "bannercontact"}}, {"model": "contenttypes.contenttype", "pk": 11, "fields": {"app_label": "sitewebapp", "model": "bannerwork"}}, {"model": "contenttypes.contenttype", "pk": 12, "fields": {"app_label": "sitewebapp", "model": "but"}}, {"model": "contenttypes.contenttype", "pk": 13, "fields": {"app_label": "sitewebapp", "model": "choose"}}, {"model": "contenttypes.contenttype", "pk": 14, "fields": {"app_label": "sitewebapp", "model": "partner"}}, {"model": "contenttypes.contenttype", "pk": 15, "fields": {"app_label": "sitewebapp", "model": "service"}}, {"model": "contenttypes.contenttype", "pk": 16, "fields": {"app_label": "contactapp", "model": "contact"}}, {"model": "contenttypes.contenttype", "pk": 17, "fields": {"app_label": "contactapp", "model": "newsletter"}}, {"model": "contenttypes.contenttype", "pk": 18, "fields": {"app_label": "contactapp", "model": "assitance"}}, {"model": "contenttypes.contenttype", "pk": 19, "fields": {"app_label": "contactapp", "model": "createsucce"}}, {"model": "contenttypes.contenttype", "pk": 20, "fields": {"app_label": "contactapp", "model": "social"}}, {"model": "contenttypes.contenttype", "pk": 21, "fields": {"app_label": "portfolioapp", "model": "card"}}, {"model": "contenttypes.contenttype", "pk": 22, "fields": {"app_label": "portfolioapp", "model": "categorie"}}, {"model": "contenttypes.contenttype", "pk": 23, "fields": {"app_label": "portfolioapp", "model": "team"}}, {"model": "contenttypes.contenttype", "pk": 24, "fields": {"app_label": "portfolioapp", "model": "transform"}}, {"model": "contenttypes.contenttype", "pk": 25, "fields": {"app_label": "portfolioapp", "model": "categoriework"}}, {"model": "contenttypes.contenttype", "pk": 26, "fields": {"app_label": "portfolioapp", "model": "work"}}, {"model": "contenttypes.contenttype", "pk": 27, "fields": {"app_label": "sitewebapp", "model": "website"}}, {"model": "contenttypes.contenttype", "pk": 28, "fields": {"app_label": "contactapp", "model": "advantage"}}, {"model": "contenttypes.contenttype", "pk": 29, "fields": {"app_label": "contactapp", "model": "pack"}}, {"model": "sessions.session", "pk": "6o4lepsk8mv7fmrtrba2c72ocmm2g7n9", "fields": {"session_data": ".eJxVjMsOwiAUBf-FtSG9FBBcuu83kPugUjWQ9LEy_rs26UK3Z2bOSyXc1pK2Jc9pEnVRoE6_GyE_ct2B3LHemuZW13kivSv6oIsemuTn9XD_Dgou5VsbK8EgE5rOis9extBHH6wAOHaeIubM1nkwNjjoYIw9dcSBIWI8I6n3B-DLN8w:1lktFH:wzvtYqOwmBXM-qdqiJ6PdHJz01GSuwS0fpqLaSEVufg", "expire_date": "2021-06-06T18:54:39.830Z"}}, {"model": "sessions.session", "pk": "hemcdtpz5fod9p8d0uz50yvp8ew8rahv", "fields": {"session_data": ".eJxVjMsOwiAUBf-FtSG9FBBcuu83kPugUjWQ9LEy_rs26UK3Z2bOSyXc1pK2Jc9pEnVRoE6_GyE_ct2B3LHemuZW13kivSv6oIsemuTn9XD_Dgou5VsbK8EgE5rOis9extBHH6wAOHaeIubM1nkwNjjoYIw9dcSBIWI8I6n3B-DLN8w:1lkCSq:IAUTLeY6Yydc_hHh_3SV8nWuQ-Ou0i7ZUl-9E6I7XEs", "expire_date": "2021-06-04T21:13:48.854Z"}}, {"model": "sessions.session", "pk": "ylcy60zkpc02vx7bo8c155kjru89ubck", "fields": {"session_data": ".eJxVjMsOwiAUBf-FtSG9FBBcuu83kPugUjWQ9LEy_rs26UK3Z2bOSyXc1pK2Jc9pEnVRoE6_GyE_ct2B3LHemuZW13kivSv6oIsemuTn9XD_Dgou5VsbK8EgE5rOis9extBHH6wAOHaeIubM1nkwNjjoYIw9dcSBIWI8I6n3B-DLN8w:1lkoV1:eHDrMOS1cZVVOzsjgf1dJvqx1zHYpfAnRJzsmUNpiWo", "expire_date": "2021-06-06T13:50:35.677Z"}}, {"model": "sitewebapp.slider", "pk": 1, "fields": {"date_add": "2021-05-24T16:58:56.816Z", "date_update": "2021-05-24T16:58:56.816Z", "status": true, "title": "Develop <strong>Strategies</strong> for <br>your business", "description": "Purple Buzz is a corporate HTML template with Bootstrap 5 Beta 1. This CSS template is 100% free to download provided by <a rel=\"nofollow\" href=\"https://templatemo.com/page/1\" target=\"_parent\">TemplateMo</a>. Total 6 HTML pages included in this template. Icon fonts by <a rel=\"nofollow\" href=\"https://boxicons.com/\" target=\"_blank\">Boxicons</a>. Photos are from <a rel=\"nofollow\" href=\"https://unsplash.com/\" target=\"_blank\">Unsplash</a> and <a rel=\"nofollow\" href=\"https://icons8.com/\" target=\"_blank\">Icons 8</a>.", "plus": "Get Started"}}, {"model": "sitewebapp.slider", "pk": 2, "fields": {"date_add": "2021-05-24T16:59:38.243Z", "date_update": "2021-05-24T16:59:38.243Z", "status": true, "title": "HTML CSS Template with Bootstrap 5 Beta 1", "description": "You are not allowed to re-distribute this Purple Buzz HTML template as a downloadable ZIP file on any kind of Free CSS collection websites. This is strongly prohibited. Please contact TemplateMo for more information.", "plus": "Get Started"}}, {"model": "sitewebapp.slider", "pk": 3, "fields": {"date_add": "2021-05-24T17:00:28.749Z", "date_update": "2021-05-24T17:00:28.749Z", "status": true, "title": "Cupidatat non proident, sunt in culpa qui officia", "description": "Ut enim ad minim veniam, quis nostrud exercitation ullamco\r\nlaboris nisi ut aliquip ex ea commodo consequat. Duis aute\r\n irure dolor in reprehenderit in voluptate velit esse cillum\r\n dolore eu fugiat nulla pariatur. Excepteur sint occaecat.", "plus": "Get Started"}}, {"model": "sitewebapp.bannerabout", "pk": 1, "fields": {"date_add": "2021-05-22T23:27:32.691Z", "date_update": "2021-05-22T23:27:32.691Z", "status": true, "title": "About Us", "description": "Vector illustration credit goes to <a rel=\"nofollow\" href=\"http://freepik.com/\" target=\"_blank\">FreePik</a> website. Purple Buzz is provided by TemplateMo. Lorem ipsum dolor sit amet, consectetur.", "image": "image_about/banner-img-02.svg"}}, {"model": "sitewebapp.bannerwork", "pk": 1, "fields": {"date_add": "2021-05-23T15:51:02.325Z", "date_update": "2021-05-23T15:51:02.325Z", "status": true, "title": "Our Work", "sous_title": "Elit, sed do eiusmod tempor incididunt", "description": "Vector illustration <a class=\"text-white\" href=\"http://freepik.com/\" target=\"_blank\">Freepik</a>.\r\n                    Lorem ipsum dolor sit amet, consectetur adipiscing elit,\r\n                    sed do eiusmod tempor incididunt ut labore et dolore magna\r\n                    aliqua. Quis ipsum suspendisse ultrices gravida. Risus\r\n                    commodo viverra maecenas accumsan lacus.", "image": "image_work/banner-bg-02.jpg"}}, {"model": "sitewebapp.bannercontact", "pk": 1, "fields": {"date_add": "2021-05-23T00:50:16.560Z", "date_update": "2021-05-23T00:50:16.560Z", "status": true, "title": "Contact", "sous_title": "Elit, sed do eiusmod tempor", "description": "Vector illustration is from <a rel=\"nofollow\" href=\"https://storyset.com/\" target=\"_blank\">StorySet</a>.\r\nIncididunt ut labore et dolore magna aliqua. Quis ipsum suspendisse ultrices gravida.", "image": "image_contact/banner-img-01.svg"}}, {"model": "sitewebapp.service", "pk": 1, "fields": {"date_add": "2021-05-23T01:20:59.119Z", "date_update": "2021-05-24T17:12:59.299Z", "status": true, "title": "Services", "sous_title": "Make Success for future", "description": "You are free to use this template for your commercial or business websites. You are not allowed to re-distribute this template ZIP file on any template collection websites. It is too easy to illegally copy and repost this template.", "icon": "bx bx-gift h3 mt-1"}}, {"model": "sitewebapp.but", "pk": 1, "fields": {"date_add": "2021-05-23T00:22:10.291Z", "date_update": "2021-05-23T00:22:10.291Z", "status": true, "title": "Our Vision", "description": "Incididunt ut labore et dolore magna aliqua. Quis ipsum suspendisse commodo viverra.", "icon": "display-4 bx bxs-bulb text-light"}}, {"model": "sitewebapp.but", "pk": 2, "fields": {"date_add": "2021-05-23T00:23:15.313Z", "date_update": "2021-05-23T00:23:15.313Z", "status": true, "title": "Our Mission", "description": "Eiusmod tempor incididunt ut labore et dolore magna aliqua.\r\n Ut enim ad minim veniam quis.", "icon": "display-4 bx bx-revision text-light"}}, {"model": "sitewebapp.but", "pk": 3, "fields": {"date_add": "2021-05-23T00:24:05.153Z", "date_update": "2021-05-23T00:24:05.153Z", "status": true, "title": "Our Goal", "description": "Lorem ipsum dolor sit amet, consectetur adipisicing elit,\r\nsed do eiusmod tempor.", "icon": "display-4 bx bxs-select-multiple text-light"}}, {"model": "sitewebapp.partner", "pk": 1, "fields": {"date_add": "2021-05-22T23:57:57.501Z", "date_update": "2021-05-22T23:58:11.379Z", "status": true, "title": "buildings", "icon": "display-1 text-white bx bxs-buildings"}}, {"model": "sitewebapp.partner", "pk": 2, "fields": {"date_add": "2021-05-22T23:58:51.713Z", "date_update": "2021-05-22T23:59:25.654Z", "status": true, "title": "success", "icon": "display-1 bx text-white bxs-check-shield bx-lg"}}, {"model": "sitewebapp.partner", "pk": 3, "fields": {"date_add": "2021-05-22T23:59:17.981Z", "date_update": "2021-05-22T23:59:17.981Z", "status": true, "title": "circle", "icon": "display-1 text-white bx bxs-bolt-circle"}}, {"model": "sitewebapp.partner", "pk": 4, "fields": {"date_add": "2021-05-23T00:00:03.137Z", "date_update": "2021-05-23T00:00:03.137Z", "status": true, "title": "flor", "icon": "display-1 text-white bx bxs-spa"}}, {"model": "sitewebapp.choose", "pk": 1, "fields": {"date_add": "2021-05-23T00:13:11.324Z", "date_update": "2021-05-23T00:13:11.324Z", "status": true, "title": "Why you choose us?", "description": "You are allowed to download and use this Purple Buzz template for your websites. You are <strong>not allowed</strong> to re-distribute this template ZIP file on other template websites. It is quite easy to simply copy and repost the ZIP file on any <a rel=\"nofollow\" href=\"https://www.google.com/search?q=free+css\" target=\"_blank\">Free CSS collection</a> websites.</p>", "image": "image_choose/work.svg"}}, {"model": "sitewebapp.website", "pk": 1, "fields": {"date_add": "2021-05-23T13:59:40.930Z", "date_update": "2021-05-23T13:59:40.930Z", "status": true, "phone": "010-020-0340", "copyright": "© Copyright 2021 Purple Buzz Company. All Rights Reserved.", "name_site": "<span class=\"text-dark h4\">Purple</span> <span class=\"text-primary h4\">Buzz</span>", "email": "info@company.com", "description_team": "Lorem ipsum dolor sit amet, consectetur adipiscing elit, sed do eiusmod tempor incididunt ut labore et dolore magna aliqua.", "description_footer": "Lorem ipsum dolor sit amet, consectetur adipisicing elit,\r\nsed do eiusmod tempor incididunt ut.", "description_creative": "Lorem ipsum dolor sit amet, consectetur adipiscing elit, sed do eiusmod tempor incididunt ut labore et dolore magna aliqua. Quis ipsum suspendisse ultrices gravida Risus.", "description_transform": "<p class=\"feature-work-body text-muted light-300\">\r\n                        Lorem ipsum dolor sit amet, consectetur adipiscing elit, sed do eiusmod\r\n                        tempor incididunt ut labore et dolore magna aliqua. Quis ipsum suspendisse\r\n                        ultrices gravida. Risus commodo viverra maecenas accumsan lacus vel facilisis.\r\n                    </p>\r\n                    <p class=\"feature-work-footer text-muted light-300\">Consectetur adipiscing elit, sed do eiusmod tempor incididunt ut labore et dolore magna aliqua. Quis ipsum suspendisse ultrices gravida. Risus commodo viverra maecenas. Duis aute irure dolor in reprehenderit in voluptate velit esse\r\n                        cillum dolore eu fugiat nulla pariatur.</p>", "description_newsletter": "Lorem ipsum dolor sit amet, consectetur adipiscing elit, sed do eiusmod tempor incididunt labore et dolore magna aliqua."}}, {"model": "contactapp.createsucce", "pk": 1, "fields": {"date_add": "2021-05-23T00:56:51.950Z", "date_update": "2021-05-23T00:56:51.951Z", "status": true, "title": "Create success campaign with us!", "sous_title": "Elit, sed do eiusmod tempor", "description": "Incididunt ut labore et dolore magna aliqua. Quis ipsum suspendisse ultrices gravida. Risus commodo viverra maecenas accumsan lacus vel facilisis. Laboris nisi ut aliquip ex ea commodo consequat. Duis aute irure dolor in reprehenderit in voluptate."}}, {"model": "contactapp.social", "pk": 1, "fields": {"date_add": "2021-05-23T00:38:13.811Z", "date_update": "2021-05-23T00:38:13.811Z", "status": true, "name": "linkedin", "icon": "bx bxl-linkedin-square bx-md", "link": "https://www.linkedin.com/"}}, {"model": "contactapp.social", "pk": 2, "fields": {"date_add": "2021-05-23T00:38:58.329Z", "date_update": "2021-05-23T00:38:58.329Z", "status": true, "name": "whatsapp", "icon": "bx bxl-whatsapp-square bx-md", "link": "https://www.whatsapp.com/"}}, {"model": "contactapp.social", "pk": 3, "fields": {"date_add": "2021-05-23T00:39:58.454Z", "date_update": "2021-05-23T00:40:58.214Z", "status": false, "name": "flickr", "icon": "bx bxl-flickr-square bx-md", "link": "https://www.flickr.com/"}}, {"model": "contactapp.social", "pk": 4, "fields": {"date_add": "2021-05-23T00:40:46.972Z", "date_update": "2021-05-23T00:40:46.972Z", "status": true, "name": "medium", "icon": "bx bxl-medium-square bx-md", "link": "https://www.medium.com/"}}, {"model": "contactapp.social", "pk": 5, "fields": {"date_add": "2021-05-23T00:45:31.953Z", "date_update": "2021-05-23T00:45:43.313Z", "status": true, "name": "facebook", "icon": "bx bxl-facebook-square bx-md", "link": "https://fr-fr.facebook.com/"}}, {"model": "contactapp.assitance", "pk": 1, "fields": {"date_add": "2021-05-23T01:03:40.243Z", "date_update": "2021-05-23T01:03:40.243Z", "status": true, "title": "Media Contact", "name": "Mr. John Doe", "phone": "010-020-0340", "icon": "display-6 bx bx-news"}}, {"model": "contactapp.assitance", "pk": 2, "fields": {"date_add": "2021-05-23T01:04:54.910Z", "date_update": "2021-05-23T01:04:54.910Z", "status": true, "title": "Technical Contact", "name": "Mr. John Stiles", "phone": "010-020-0340", "icon": "bx bx-laptop display-6"}}, {"model": "contactapp.assitance", "pk": 3, "fields": {"date_add": "2021-05-23T01:05:59.320Z", "date_update": "2021-05-23T01:05:59.320Z", "status": true, "title": "Billing Contact", "name": "Azeez Ridwan", "phone": "010-020-0340", "icon": "bx bx-money display-6"}}, {"model": "contactapp.pack", "pk": 1, "fields": {"date_add": "2021-05-23T20:40:35.471Z", "date_update": "2021-05-23T20:40:35.471Z", "status": true, "title": "Standard Plan", "price": 120.0, "period": "year", "activate": true}}, {"model": "contactapp.pack", "pk": 2, "fields": {"date_add": "2021-05-23T20:40:55.032Z", "date_update": "2021-05-23T20:41:23.431Z", "status": true, "title": "Free Plan", "price": 0.0, "period": "year", "activate": false}}, {"model": "contactapp.pack", "pk": 3, "fields": {"date_add": "2021-05-23T20:41:13.520Z", "date_update": "2021-05-24T15:52:55.903Z", "status": true, "title": "Enterprise", "price": 840.0, "period": "year", "activate": false}}, {"model": "contactapp.advantage", "pk": 1, "fields": {"date_add": "2021-05-23T20:43:29.693Z", "date_update": "2021-05-23T20:43:29.693Z", "status": true, "label": "5 Users", "label_activate": true, "pack": [2]}}, {"model": "contactapp.advantage", "pk": 2, "fields": {"date_add": "2021-05-23T20:43:51.549Z", "date_update": "2021-05-23T20:43:51.550Z", "status": true, "label": "2 TB space", "label_activate": true, "pack": [2]}}, {"model": "contactapp.advantage", "pk": 3, "fields": {"date_add": "2021-05-23T20:44:05.538Z", "date_update": "2021-05-23T20:44:05.538Z", "status": true, "label": "Community Forums", "label_activate": true, "pack": [2]}}, {"model": "contactapp.advantage", "pk": 4, "fields": {"date_add": "2021-05-23T20:44:21.046Z", "date_update": "2021-05-23T20:44:21.046Z", "status": true, "label": "Email Support", "label_activate": true, "pack": [2]}}, {"model": "contactapp.advantage", "pk": 5, "fields": {"date_add": "2021-05-23T20:44:40.608Z", "date_update": "2021-05-23T20:44:40.608Z", "status": true, "label": "25 to 99 Users", "label_activate": true, "pack": [1]}}, {"model": "contactapp.advantage", "pk": 6, "fields": {"date_add": "2021-05-23T20:45:06.628Z", "date_update": "2021-05-23T20:45:06.628Z", "status": true, "label": "10 TB space", "label_activate": true, "pack": [1]}}, {"model": "contactapp.advantage", "pk": 7, "fields": {"date_add": "2021-05-23T20:45:22.156Z", "date_update": "2021-05-23T20:45:22.156Z", "status": true, "label": "Source Files", "label_activate": true, "pack": [1]}}, {"model": "contactapp.advantage", "pk": 8, "fields": {"date_add": "2021-05-23T20:46:01.338Z", "date_update": "2021-05-23T20:46:01.338Z", "status": true, "label": "Live Chat", "label_activate": true, "pack": [1]}}, {"model": "contactapp.advantage", "pk": 9, "fields": {"date_add": "2021-05-23T20:46:55.907Z", "date_update": "2021-05-23T20:46:55.907Z", "status": true, "label": "100 users or more", "label_activate": true, "pack": [3]}}, {"model": "contactapp.advantage", "pk": 10, "fields": {"date_add": "2021-05-23T20:47:14.535Z", "date_update": "2021-05-23T20:47:14.535Z", "status": true, "label": "80 TB space", "label_activate": true, "pack": [3]}}, {"model": "contactapp.advantage", "pk": 11, "fields": {"date_add": "2021-05-23T20:47:29.119Z", "date_update": "2021-05-23T20:47:29.119Z", "status": true, "label": "Full Access Sources", "label_activate": true, "pack": [3]}}, {"model": "contactapp.advantage", "pk": 12, "fields": {"date_add": "2021-05-23T20:47:51.532Z", "date_update": "2021-05-23T20:47:51.532Z", "status": true, "label": "Live Chat", "label_activate": true, "pack": [3]}}, {"model": "contactapp.advantage", "pk": 13, "fields": {"date_add": "2021-05-23T20:48:20.716Z", "date_update": "2021-05-24T15:54:35.265Z", "status": true, "label": "Customizations", "label_activate": true, "pack": [2]}}, {"model": "portfolioapp.categorie", "pk": 2, "fields": {"date_add": "2021-05-24T17:22:12.381Z", "date_update": "2021-05-24T21:59:49.603Z", "status": true, "name": "graphic"}}, {"model": "portfolioapp.categorie", "pk": 3, "fields": {"date_add": "2021-05-24T17:22:38.265Z", "date_update": "2021-05-24T17:22:38.265Z", "status": true, "name": "ui/ux"}}, {"model": "portfolioapp.categorie", "pk": 4, "fields": {"date_add": "2021-05-24T22:01:00.112Z", "date_update": "2021-05-24T22:01:00.112Z", "status": true, "name": "branding"}}, {"model": "portfolioapp.card", "pk": 2, "fields": {"date_add": "2021-05-24T23:10:43.333Z", "date_update": "2021-05-24T23:10:43.333Z", "status": true, "description": "Lorem ipsum dolor sit amet, consectetur adipisicing", "categorie": 2, "image": "image_card/services-01.jpg"}}, {"model": "portfolioapp.card", "pk": 3, "fields": {"date_add": "2021-05-24T23:11:02.510Z", "date_update": "2021-05-24T23:11:02.510Z", "status": true, "description": "Lorem ipsum dolor sit amet, consectetur adipisicing", "categorie": 3, "image": "image_card/services-02.jpg"}}, {"model": "portfolioapp.card", "pk": 4, "fields": {"date_add": "2021-05-24T23:12:24.305Z", "date_update": "2021-05-24T23:12:24.305Z", "status": true, "description": "Lorem ipsum dolor sit amet, consectetur adipisicing", "categorie": 3, "image": "image_card/services-03.jpg"}}, {"model": "portfolioapp.card", "pk": 5, "fields": {"date_add": "2021-05-24T23:13:27.453Z", "date_update": "2021-05-24T23:13:27.453Z", "status": true, "description": "Lorem ipsum dolor sit amet, consectetur adipisicing", "categorie": 4, "image": "image_card/services-04.jpg"}}, {"model": "portfolioapp.card", "pk": 6, "fields": {"date_add": "2021-05-24T23:13:46.210Z", "date_update": "2021-05-24T23:13:46.211Z", "status": true, "description": "Lorem ipsum dolor sit amet, consectetur adipisicing", "categorie": 4, "image": "image_card/services-05.jpg"}}, {"model": "portfolioapp.card", "pk": 7, "fields": {"date_add": "2021-05-24T23:14:17.113Z", "date_update": "2021-05-24T23:14:17.113Z", "status": true, "description": "Lorem ipsum dolor sit amet, consectetur adipisicing", "categorie": 2, "image": "image_card/services-06.jpg"}}, {"model": "portfolioapp.card", "pk": 8, "fields": {"date_add": "2021-05-24T23:15:23.383Z", "date_update": "2021-05-24T23:15:23.383Z", "status": true, "description": "Lorem ipsum dolor sit amet, consectetur adipisicing", "categorie": 2, "image": "image_card/services-07.jpg"}}, {"model": "portfolioapp.card", "pk": 9, "fields": {"date_add": "2021-05-24T23:15:47.968Z", "date_update": "2021-05-24T23:15:47.968Z", "status": true, "description": "Lorem ipsum dolor sit amet, consectetur adipisicing", "categorie": 3, "image": "image_card/services-08.jpg"}}, {"model": "portfolioapp.categoriework", "pk": 1, "fields": {"date_add": "2021-05-23T14:43:11.633Z", "date_update": "2021-05-23T14:43:11.633Z", "status": true, "name": "Business"}}, {"model": "portfolioapp.categoriework", "pk": 2, "fields": {"date_add": "2021-05-23T14:43:29.881Z", "date_update": "2021-05-23T14:43:29.881Z", "status": true, "name": "Marketing"}}, {"model": "portfolioapp.categoriework", "pk": 3, "fields": {"date_add": "2021-05-23T14:44:22.551Z", "date_update": "2021-05-23T14:44:22.551Z", "status": true, "name": "Social Media"}}, {"model": "portfolioapp.categoriework", "pk": 4, "fields": {"date_add": "2021-05-23T14:44:48.597Z", "date_update": "2021-05-23T14:44:48.597Z", "status": true, "name": "Graphic"}}, {"model": "portfolioapp.work", "pk": 1, "fields": {"date_add": "2021-05-23T14:52:03.859Z", "date_update": "2021-05-23T14:52:03.859Z", "status": true, "title": "Digital Marketing", "description": "Lorem ipsum dolor sit amet, consectetur adipisicing elit,\r\nsed do eiusmod tempor incididunt ut labore et dolor.", "categorie": 2, "image": "image_work/our-work-01.jpg"}}, {"model": "portfolioapp.work", "pk": 2, "fields": {"date_add": "2021-05-23T14:53:34.001Z", "date_update": "2021-05-23T14:53:34.001Z", "status": true, "title": "Corporate Branding", "description": "Ut enim ad minim veniam, quis nostrud exercitation ullamco\r\n                            laboris nisi ut aliquip ex ea commodo consequat.", "categorie": 1, "image": "image_work/our-work-02.jpg"}}, {"model": "portfolioapp.work", "pk": 3, "fields": {"date_add": "2021-05-23T14:54:34.903Z", "date_update": "2021-05-23T14:54:34.903Z", "status": true, "title": "eading Digital Solution", "description": "Duis aute irure dolor in reprehenderit in voluptate velit\r\nesse cillum dolore eu fugiatdolore eu fugiat nulla pariatur.", "categorie": 3, "image": "image_work/our-work-03.jpg"}}, {"model": "portfolioapp.work", "pk": 4, "fields": {"date_add": "2021-05-23T14:55:35.495Z", "date_update": "2021-05-23T14:55:35.495Z", "status": true, "title": "Smart Applications", "description": "Excepteur sint occaecat cupidatat non proident, sunt in\r\n culpa qui officia deserunt mollit anim id est laborum.", "categorie": 4, "image": "image_work/our-work-04.jpg"}}, {"model": "portfolioapp.work", "pk": 5, "fields": {"date_add": "2021-05-23T14:56:52.569Z", "date_update": "2021-05-23T14:56:52.569Z", "status": true, "title": "Corporate Stationary", "description": "Excepteur sint occaecat cupidatat non proident,\r\nsunt in culpa qui officia deserunt mollit anim id est laborum.", "categorie": 3, "image": "image_work/our-work-05.jpg"}}, {"model": "portfolioapp.work", "pk": 6, "fields": {"date_add": "2021-05-23T14:57:43.120Z", "date_update": "2021-05-23T14:57:43.121Z", "status": true, "title": "8 Financial Tips", "description": "Ut enim ad minim veniam, quis nostrud exercitation ullamco\r\nlaboris nisi ut aliquip ex ea commodo consequat.", "categorie": 4, "image": "image_work/our-work-06.jpg"}}, {"model": "portfolioapp.transform", "pk": 1, "fields": {"date_add": "2021-05-23T14:17:26.609Z", "date_update": "2021-05-23T14:17:26.609Z", "status": true, "name": "fleur", "image": "image_transform/feature-work-1-large.jpg"}}, {"model": "portfolioapp.transform", "pk": 2, "fields": {"date_add": "2021-05-23T14:19:02.716Z", "date_update": "2021-05-23T14:19:26.177Z", "status": true, "name": "work", "image": "image_transform/feature-work-2.jpg"}}, {"model": "portfolioapp.transform", "pk": 3, "fields": {"date_add": "2021-05-23T14:19:19.170Z", "date_update": "2021-05-23T14:19:19.170Z", "status": true, "name": "branche", "image": "image_transform/feature-work-3.jpg"}}, {"model": "portfolioapp.transform", "pk": 4, "fields": {"date_add": "2021-05-23T14:19:52.189Z", "date_update": "2021-05-23T14:19:52.189Z", "status": true, "name": "feuille", "image": "image_transform/feature-work-4.jpg"}}, {"model": "portfolioapp.team", "pk": 1, "fields": {"date_add": "2021-05-22T23:40:23.126Z", "date_update": "2021-05-22T23:40:23.126Z", "status": true, "name": "John Doe", "job": "Business Developmen", "image": "image_team/team-01.jpg"}}, {"model": "portfolioapp.team", "pk": 2, "fields": {"date_add": "2021-05-22T23:41:18.272Z", "date_update": "2021-05-22T23:41:18.272Z", "status": false, "name": "Jane Doe", "job": "Media Development", "image": "image_team/team-02.jpg"}}, {"model": "portfolioapp.team", "pk": 3, "fields": {"date_add": "2021-05-22T23:41:56.310Z", "date_update": "2021-05-22T23:41:56.310Z", "status": true, "name": "Sam", "job": "Developer", "image": "image_team/team-03.jpg"}}, {"model": "portfolioapp.team", "pk": 4, "fields": {"date_add": "2021-05-22T23:43:00.792Z", "date_update": "2021-05-22T23:43:00.792Z", "status": true, "name": "AREB", "job": "Python Developer", "image": "image_team/team-04.jpg"}}]